#,block_height,date_utc,genesis_txid,rules,colored_outputs,issued_sats,held_sats,burned_sats,holders,confirmed_by,flags,metadata,holder_addresses
1,261073,2013-10-01 09:53,2cc7818bc2c45c8f2c4115c87539e5ebc16d4d4a46f646598fe9087e1eb0f771,Sep27,4,230000,180000,50000,1,mempool.space & blockstream.info,,hash?3&short?1&long?d4735e3a265e16eee03f59718b9b5d03019c07d8,1YAV17vyCqfezcWPoy4yS51XiaZCQkujn
2,261073,2013-10-01 09:53,bef059f7c497736c19ed70911474ee65b343a446ae329e586786199624f272e8,Sep27,2,100000,90000,10000,9,mempool.space & blockstream.info,,hash?3&short?1&long?d4735e3a265e16eee03f59718b9b5d03019c07d8,1DhGoupH9o1xRFjqRYUJnYcCKaYFR377Wx 137RpoUg8BjzKBQRJDec4hmkoK6fgTHStb 1111111111111111111114oLvT2 1AWv1xBCKaEXfZxo4iWKUaxkRneCf1xDLi 15mymkz4uZ7KxQuDYJ6XhRS8ytUXoRHqgq 168GAuvU3so8w82zvdDyK3vrAc5XXKyAMw 1ALPxard63aX4uqULm31zHK46bGPhkcNLr 19yHgBkxjWjxVzc2EqgPPR475K5AP9X6in
3,261080,2013-10-01 10:21,ad27af1d165064cedf69d153da4e85ecaacf7db256b8133910588fee136ab237,Sep27+Oct1,2,20000,20000,0,2,mempool.space & blockstream.info,,hash?3&short?5&long?4b227777d4dd1fc61c6f884f48641d02b4d121d3,137RpoUg8BjzKBQRJDec4hmkoK6fgTHStb
4,261091,2013-10-01 11:37,05df966eb67644eadc3436ffe84fba60bc6c0920eb7b9de06459ab5a961f1406,Sep27,2,80000,30000,50000,1,mempool.space & blockstream.info,,hash?3&short?1&long?d4735e3a265e16eee03f59718b9b5d03019c07d8,1YAV17vyCqfezcWPoy4yS51XiaZCQkujn
5,261097,2013-10-01 12:12,b2c5286db4965eea113d0571c0e89e505d35f9d5619bae3897062783a8ee623f,Oct1,2,20000,20000,0,1,mempool.space & blockstream.info,,hash=3&short=1&long=d4735e3a265e16eee03f59718b9b5d03019c07d8,1YAV17vyCqfezcWPoy4yS51XiaZCQkujn
6,261099,2013-10-01 12:36,7236871866c9e002fc6b9dc1bcdf504dde80c1f154532c75db6ee521d029f2e3,Oct1,2,20000,20000,0,2,mempool.space & blockstream.info,,hash=3&short=Artwork&long=d4735e3a265e16eee03f59718b9b5d0301,1FCDckuwYGb8iGrHC6SV4U4EPaYV2qYPPQ 18m1adUc17uCZBMR3uAZYpHcMs1jbo1DGm
7,261101,2013-10-01 12:39,4ec48cec8cd80f55cfbd923d9949b5cdf0b92ff9b0531bbf74b9b2dc080e11af,Oct1,2,20000,20000,0,2,mempool.space & blockstream.info,,hash=2&short=SirBobalot&long=410fff5208df789f0608dce044e4fe7,1FCDckuwYGb8iGrHC6SV4U4EPaYV2qYPPQ
8,261163,2013-10-01 22:40,8e501aaef2ab10aede85121b46b8b1da268a6c2c87dac6f0fcc274fbc4cc246c,Oct1,8,80000,80000,0,8,mempool.space & blockstream.info,,hash=123443211234431212344321&short=My%20First%20Artwork&lon,1GaxC5JdpY7ey3KeaZPxDExmfb3bRzAty5 18WLXmU4wCAMHpZSDmQrXECNxJEsXeV6Kk
9,261671,2013-10-04 13:44,4c9cb7cecfd8013f02fe0bbc5bdf442dceed5ab51967a2a3bccf78c87d52c8e6,Sep27+Oct1,2,20000,20000,0,2,mempool.space & blockstream.info,,hash=123456912789&short=My%20Art&long=bd74ac700c04918f78bbfe,1GaxC5JdpY7ey3KeaZPxDExmfb3bRzAty5 18WLXmU4wCAMHpZSDmQrXECNxJEsXeV6Kk
10,262061,2013-10-06 12:16,9e1586f70b829bb143d1c2e046d3ecd13b374636eb602d23bf16616c43e15f6f,Oct1,2,20000,20000,0,2,mempool.space & blockstream.info,,asdfg,12qadbtohsCXwGXyKao86qyKEddJh1uXVi
11,262062,2013-10-06 12:25,8b9e947c721c1e0cdc3ffd074c7226c834e2a508a6215fa81a4666289d85de14,Sep27+Oct1,1,10000,10000,0,1,mempool.space & blockstream.info,,"AFDSF................=f....|.p..K.""]....",12qadbtohsCXwGXyKao86qyKEddJh1uXVi
12,262063,2013-10-06 12:29,edfe9d6be39dd1b419ce96d838d63569ca4084ba9194ade8bebde6454e5d4c51,Oct1,1,10000,10000,0,1,mempool.space & blockstream.info,,asdfadsfhgd,12qadbtohsCXwGXyKao86qyKEddJh1uXVi
13,262064,2013-10-06 12:35,8d6f8fbb4eb1852958d4fa4d838eb858c830b7c126e74de850cba5fe3223c3c2,Sep27+Oct1,2,20000,20000,0,2,mempool.space & blockstream.info,,"qwesdfg..............=f....|.p..K.""]....",12qadbtohsCXwGXyKao86qyKEddJh1uXVi
14,262067,2013-10-06 13:06,8b34aec3bdf515b14d84c30b12f8d9130f0d69aa7d8f3e630f7612b2400bd6a5,Oct1,2,20000,20000,0,2,mempool.space & blockstream.info,,wertqwer,12qadbtohsCXwGXyKao86qyKEddJh1uXVi
15,262068,2013-10-06 13:07,6f8cdc92778ea09daa454f33a667a7a2ba83aa0e487b531dd06597b35d662711,Sep27+Oct1,1,10000,10000,0,1,mempool.space & blockstream.info,,"wertqwer.............=f....|.p..K.""]....",12qadbtohsCXwGXyKao86qyKEddJh1uXVi
16,262385,2013-10-08 12:01,50787523ea11bb9c3be78bccf4b75bf6c28c4b6b922bf70851f1de287bd2b6a4,Sep27+Oct1,1,10000,10000,0,1,mempool.space & blockstream.info,,"..........sfafasfasf.=f....|.p..K.""]....",12qadbtohsCXwGXyKao86qyKEddJh1uXVi
17,262385,2013-10-08 12:01,bbd62df8c80fe6c47cb426ed0955e7989ea7b26e921a9590e38a3d7adea9d167,Oct1,2,20000,20000,0,2,mempool.space & blockstream.info,,.................asd,12qadbtohsCXwGXyKao86qyKEddJh1uXVi
18,262386,2013-10-08 12:09,2089cda5d7e278eb880e187ec0024749224256bb530f1787ee04db9f8f9292d5,Sep27+Oct1,1,10000,10000,0,1,mempool.space & blockstream.info,,"..............asdasd.=f....|.p..K.""]....",12qadbtohsCXwGXyKao86qyKEddJh1uXVi
19,262408,2013-10-08 15:56,a21356cbab02994582b932b6c8c794d9580fa87a21dc1db91df482a07819d2cb,Oct1,2,20000,20000,0,2,mempool.space & blockstream.info,,..........qwerwqretw,12qadbtohsCXwGXyKao86qyKEddJh1uXVi
20,262414,2013-10-08 16:30,6d7a2d28c7038083ca69b217552fe78be0844357c13e1afb77c86e73c6bf8ce9,Oct1,1,10000,10000,0,1,mempool.space & blockstream.info,,.........eqwtrqwrqwr,12qadbtohsCXwGXyKao86qyKEddJh1uXVi
21,262414,2013-10-08 16:30,8391977a4050e7d60af3af77e91c7a296e6b261f3442552e88b2f9d4728e44ac,Oct1,1,10000,10000,0,1,mempool.space & blockstream.info,,..........qwqwrqwrqr,12qadbtohsCXwGXyKao86qyKEddJh1uXVi
22,262414,2013-10-08 16:30,b9ba6a629b3b5717f22b605b8a18688216bc0dc2318ed403e7b8a3b96739df79,Oct1,2,20000,20000,0,2,mempool.space & blockstream.info,,...........asfgstwet,12qadbtohsCXwGXyKao86qyKEddJh1uXVi
23,262421,2013-10-08 18:03,22f11316c31564a91bdf0e17ae916015668af40ea65c7dc7931f761947cb1064,Oct1,2,20000,20000,0,2,mempool.space & blockstream.info,,.......dqfwedfrwqetr,12qadbtohsCXwGXyKao86qyKEddJh1uXVi
24,262421,2013-10-08 18:03,a48301c49e2d8a6ce6346fb81456612a5fa7080772c944564eb4a9501fe77590,Oct1,3,30000,30000,0,3,mempool.space & blockstream.info,,..............qwergt,12qadbtohsCXwGXyKao86qyKEddJh1uXVi 124dbks1t6AytbNC2LFHzTuHYn4z32T8cc
25,262421,2013-10-08 18:03,ec42a6ab72f59089840b1e0140babcc4c3dca9b211ae27d1a47a5e5424ca44f4,Oct1,2,20000,20000,0,2,mempool.space & blockstream.info,,..............qrewrg,12qadbtohsCXwGXyKao86qyKEddJh1uXVi
26,262427,2013-10-08 19:27,ea1d131d4b0ac91340b909d1b4961d64fc985502ba39e30fa5f69317b42af9d7,Oct1,4,40000,40000,0,4,mempool.space & blockstream.info,,.........wertdtfqwrt,1DZuxhrdXQMC4YLSpyL8dZmMmyRZNq4ebZ 124dbks1t6AytbNC2LFHzTuHYn4z32T8cc
27,262550,2013-10-09 09:37,33eea312cbda8ef84a46a614dc6cd35ccd5dcc4e9f5b9bcca02ffdb2f35df6ee,Oct1,2,20000,20000,0,2,mempool.space & blockstream.info,,.........D...........d....................?................,1NTTezidGaLYcZBP31dtfpCy4KcxHHdUG
28,262551,2013-10-09 09:43,973d08e1e3dc1da5c186838096be30fe7e21bf16489e04ad89a594350b0577bd,Oct1,2,20000,20000,0,2,mempool.space & blockstream.info,,.........E..s........s..............0..c........w..P..X..-.,1NTTezidGaLYcZBP31dtfpCy4KcxHHdUG
29,262555,2013-10-09 10:10,bf7a94bd14c9cf3a10656c6f4fd38581a17bbcb7ef960f2d6505c08921641da4,Oct1,3,30000,30000,0,3,mempool.space & blockstream.info,,......2.....I...........x.............................$../.,1NTTezidGaLYcZBP31dtfpCy4KcxHHdUG
30,262556,2013-10-09 10:17,6b6f1fe6909b717dd100ad892c03875bff397d50825daf8aa00a397d48c01b6e,Oct1,2,20000,20000,0,2,mempool.space & blockstream.info,,...x........{.....z..@.......................1...........N.,1NTTezidGaLYcZBP31dtfpCy4KcxHHdUG
31,262556,2013-10-09 10:17,a56d5969ee8b87079048972a9775dfa9cbe5fb73b88f3736d75884faec583aa9,Oct1,3,30000,30000,0,3,mempool.space & blockstream.info,,).....w..a........l..N..K.......................L.....y....,1NTTezidGaLYcZBP31dtfpCy4KcxHHdUG
32,262558,2013-10-09 10:40,26817d36d2224ca48e96c41928a1473b7c3b6ae71b72d7b42549e573ac98b24d,Oct1,2,20000,20000,0,2,mempool.space & blockstream.info,,......J....................p.....$.....?.....F..>..........,1NTTezidGaLYcZBP31dtfpCy4KcxHHdUG
33,262558,2013-10-09 10:40,43434c4cfcd70bf2e951729f2b63a660cde9ca9b7917d5269b4f108123754b0e,Oct1,2,20000,20000,0,2,mempool.space & blockstream.info,,I..y..B..+..!........X..J.....f.....6..............i..A..m.,1NTTezidGaLYcZBP31dtfpCy4KcxHHdUG
34,262558,2013-10-09 10:40,7f993f79a37e6da5c12303c8b5f8aa4a80763ab31869c95edb1eced77bd693a4,Oct1,2,20000,20000,0,2,mempool.space & blockstream.info,,..................2...................................e....,1NTTezidGaLYcZBP31dtfpCy4KcxHHdUG
35,262559,2013-10-09 10:47,82342a2e6c80e7c64e58ed6ff25c7bd7fe548a3a69022497ae6d475c003b6a49,Oct1,2,20000,20000,0,2,mempool.space & blockstream.info,,"............+..$.....R.....O..............""..q..-..c.......",1NTTezidGaLYcZBP31dtfpCy4KcxHHdUG
36,262566,2013-10-09 11:20,1e2447a54c317fb7914d41e3e5d2c093d49dac851fb43701eab036fac94683e9,Oct1,2,20000,20000,0,2,mempool.space & blockstream.info,,......0..}..#.....j..y..U..].................7..W..........,1DZuxhrdXQMC4YLSpyL8dZmMmyRZNq4ebZ
37,262566,2013-10-09 11:20,408a1a1264e9acc7d28878fa0d26471fd63efb8e9386b96ecd4a8ac4600bbd43,Oct1,3,30000,30000,0,3,mempool.space & blockstream.info,,.........d..}........B...........&.........................,1DZuxhrdXQMC4YLSpyL8dZmMmyRZNq4ebZ
38,262567,2013-10-09 11:27,4673a5cdedf5f62e79bf36e3575fd0d13cb2e237b6a5f93cb21ebe7845cf5825,Oct1,2,20000,20000,0,2,mempool.space & blockstream.info,,...................................................o.......,1QDoD7QS5Hqqb8JfAfiLd6vp9iACs7zeUM
39,262587,2013-10-09 15:12,8aa9731097e726c9c5c622c4c126fd9973f2656ed7a6d4f3aa1ff19e65a1b649,Oct1,3,30000,30000,0,3,mempool.space & blockstream.info,,&........;..N.....F........n...........r..>........u..J..7.,1QDoD7QS5Hqqb8JfAfiLd6vp9iACs7zeUM
40,262588,2013-10-09 15:31,af453b06ccd4476b007d5173574ce542b452ed2180f37dc686e61e9e7034b947,Oct1,1,10000,10000,0,1,mempool.space & blockstream.info,,...a.....V..p.....|..O........N..R..L...........J..i.....R.,1DZuxhrdXQMC4YLSpyL8dZmMmyRZNq4ebZ
41,262590,2013-10-09 16:07,b9c05a7953100165ddad8a35e534107edfe75d35f60d9b55409c928116451966,Oct1,2,20000,20000,0,2,mempool.space & blockstream.info,,...G....................A.....]..8....................e....,1DZuxhrdXQMC4YLSpyL8dZmMmyRZNq4ebZ
42,262730,2013-10-10 10:39,18bb6f4e80949b487e066aa0405392fd3609928399c96f1c33af191584c0c5a9,Oct1,2,20000,20000,0,2,mempool.space & blockstream.info,,............m........J..@.................h...........*....,1H45k4Zbi8jbNVSGzEj7E1J37CBrBVJLxS
43,262732,2013-10-10 10:48,2bf5f49accfb7f0d7e204ca90484501d1e1c4eb64250b21e52cba401657a937c,Oct1,2,20000,20000,0,2,mempool.space & blockstream.info,,.........s..e..............6..*..K........'.....1..N.......,1H45k4Zbi8jbNVSGzEj7E1J37CBrBVJLxS
44,262741,2013-10-10 12:04,74eafdf404c2ac32866fae3a5eccbbc41068c7d97c7d2265fa5864ead5302c61,Oct1,2,20000,20000,0,2,mempool.space & blockstream.info,,..................X........(..N........w...................,19RWHr8idEzeaYttiCZzesHocJQbRCwGPq
45,262747,2013-10-10 12:21,0b9ebef114be1f088b3799f2cce4d084b8ae15f15cda4471285b947f6b26f6a5,Oct1,2,20000,20000,0,2,mempool.space & blockstream.info,,"....../..............-.....""..9..h.....Z..+..8........M..x.",1HzSQ56boKFqpvRr9Et7ZzcLYBJkxWFAwU
46,262748,2013-10-10 12:26,ad376c8d3198343df85258333ae757c3526a9bfa4aa7c23c23c94d6c135157b3,Oct1,2,20000,20000,0,2,mempool.space & blockstream.info,,...N..3...........Z........i.....A..J..'........=..........,1HzSQ56boKFqpvRr9Et7ZzcLYBJkxWFAwU
47,262748,2013-10-10 12:26,d47bfd15415a7ba985ef2f7ed51e036462434b3d3236cb009960bb4234e7cef3,Oct1,2,20000,20000,0,2,mempool.space & blockstream.info,,-.....X..L..[........r.....!.....?.....N........+..........,1HzSQ56boKFqpvRr9Et7ZzcLYBJkxWFAwU
48,262750,2013-10-10 12:31,6998ae55eb2f652f93634481416c9e64e11005f22882ac8433ed1da0e35e09cb,Oct1,2,20000,20000,0,2,mempool.space & blockstream.info,,......6.....X.................2..Q...........i..=........;.,1K3UN895XMPYWQmsTW2PDAQSE7UxSB5XDs
49,262751,2013-10-10 12:36,ae96e0e52a256b3b8815c466c209adb6faffb8763e4146b86eb71380763e31c1,Oct1,5,50000,50000,0,5,mempool.space & blockstream.info,,......2........l........i..U...........?..Y..].............,13KyMvzQ238kUVvNzTxWopoPgfKmGjzGXN 1K3UN895XMPYWQmsTW2PDAQSE7UxSB5XDs 1GokGzCSz16whsJLkMfEYQdaoReUwgUBmx
50,262795,2013-10-10 17:10,73776581dfb06b60293f33c462d310f01f2c9a67d77671753ed5a90ae9a85f3e,Oct1,2,20000,20000,0,2,mempool.space & blockstream.info,,"W...........].."".................-.....c..Y..;..~..........",12mdb8ZGXuCkT3bNUbGHwQkCKxK21aBzQU 19fzDP52j6Cr8YvnWrgh2s5rbrdftieeKm
51,262803,2013-10-10 18:31,423c1d9e766f52526e379689b21004766ea22cbb09525463acf12ce83f6c5d8b,Oct1,2,20000,20000,0,2,mempool.space & blockstream.info,,...M..7..`..{.....H.....a........F..............u..9..H....,1HWyM1A5gXs6tkB45wuTGdFHgrUHofcny3 1AUabyYF8U64PGeGgg36mfFtFEYnS2GNSc
52,262846,2013-10-11 01:21,8302d4a9e7ca6da0fd6b7fd3bb6a47c519e71a4898cff9ee00dad11eeabc161d,Oct1,2,20000,20000,0,2,mempool.space & blockstream.info,,......R..A........v..`..|..g...........$..w.....3..@..6....,1FREznWuhHycoTM86cTzHqhKB2LjbvjLF5
53,262846,2013-10-11 01:21,c4e7be0af6d3cf5a288582bc5844c3f0ef32aff29a5fa98cddf20a71399fccd0,Oct1,3,30000,30000,0,3,mempool.space & blockstream.info,,"...i.....Q........-...........J........O..,..+..b.....D....",1JjZiFymefnKnDjcZVx64BXJGjo5RujyVW 1K2KS4HhjPxFuRain5mGCVjufEaoiLoKp3 15MmXfCWVjdqxKKDJpQAkvJsioRzXQQ4vS
54,262911,2013-10-11 08:41,e96896ec57cbbc53d558f6e27345efcdcd6d4623ab9c8b28f3938b283ae1c615,Oct1,3,30000,30000,0,3,mempool.space & blockstream.info,,"e83482237805783a22ecc02126d32e45a6e839d7250,166,45,197,42,21",19RWHr8idEzeaYttiCZzesHocJQbRCwGPq
55,262912,2013-10-11 09:04,c06ad79482afb7ac3b282ebb1261d0bfd1ab9a140e4301048928dcb79e1e5047,Oct1,3,30000,30000,0,3,mempool.space & blockstream.info,,"8e444225e2b1e123e105c1cc1e929f289ef4905a39,47,252,171,5,142,",19RWHr8idEzeaYttiCZzesHocJQbRCwGPq
56,262914,2013-10-11 09:24,3e0ef44d268893e6c16e0c91d170988db997a05c5efde6968f8369bcb9e1a61b,Oct1,4,40000,40000,0,4,mempool.space & blockstream.info,,...>..N.....S..w..C.....N..........................j........,19RWHr8idEzeaYttiCZzesHocJQbRCwGPq
57,262914,2013-10-11 09:24,7ebbce43ea3f6ee596ae4167247ba82a3614521394c022694fcfb995d70cfda1,Oct1,4,40000,40000,0,4,mempool.space & blockstream.info,,...>..N.....S..w..C.....N..........................j........,19RWHr8idEzeaYttiCZzesHocJQbRCwGPq
58,262954,2013-10-11 15:08,050889a05b4e7ed3eb5b3beb0a9846c6839f22546125801908ba603c0f86f496,Oct1,3,30000,30000,0,3,mempool.space & blockstream.info,,...J......../..w.....B..7..x.....v..O........?........*.....,19RWHr8idEzeaYttiCZzesHocJQbRCwGPq
59,262959,2013-10-11 15:36,9aeed7d5f20bcea5326668572de4f37d7433d051a8f96b547871eb64097cb220,Oct1,4,40000,40000,0,4,mempool.space & blockstream.info,,"L.....b..,..(...........u..(.....C...........Z..A..=..,.....",1Ge9HLmPDEbMNShLYRtPzNKAGLZe31nDVM 14jC4rtASHoUsrDVo3LSmYE4XTUaKhcinh
60,262974,2013-10-11 17:28,20341498febc409f68a4182d8fdb63e745da56d9a98c0389a79f036798e17cd2,Oct1,2,20000,20000,0,2,mempool.space & blockstream.info,,"...r.....f..............7...........,........o..|..;........",15Z4DbUHknKaaVLYU2K5GbgUZqrkcVNo8j 1BmgEA8EGkF7uX4JvDgCgMgqiikNQUor14
61,262974,2013-10-11 17:28,59641f1054acf5d515cbba6e4977c525e7274d356469f1469fe70e4d3d44b89c,Oct1,3,30000,30000,0,3,mempool.space & blockstream.info,,....;ox..H`..u..+..x.v.uT.Q8.wE.........,1GRKGWAYnUY8cenUNUBxMmTkysnWPmXM4q
62,262974,2013-10-11 17:28,c395d6e1ad476da3730f0609d078ad34de61378071c45c82669fa9b1cd0cee48,Oct1,4,40000,40000,0,4,mempool.space & blockstream.info,,......=..............T.................>........b........c..,1PRNm9s2ySgdbjoN74PnWYhdiPzsmWFJfA 1CEevYg9cDtrCkhECKRLKxa5trZ9LxXHBj
63,263151,2013-10-12 15:24,52ddbd418462a12c6a2180a956c6c6074e588ef50a570a290d915a2fa3b1a7f6,Oct1,3,30000,30000,0,3,mempool.space & blockstream.info,,".r.f....7...,..o|;..^.....n9.4...)E....]",1MhS5LTvYoP321i6evp3ufQ94hhkBRoBDs 17GEomK1pfV8FRZWUigJzBZXWJ7VrbbSdQ 1DTxEssg2WZQUDXyxXqKEb9t1JRXHy1usd
64,263182,2013-10-12 19:53,028a72b0065e98b6970bfdba529b5b73fb4483ae2a5b399deeb94e61bef0055b,Oct1,3,30000,30000,0,3,mempool.space & blockstream.info,,.)Z&..7A/J.k.h.*K\\v..@|..@*X...*Dd.C.J/,1WgJ7xcPwF3CNLj9YxQX3C6Du3kt5edpU 1AoekeaS1tMwQ9X4Ghj6ApmeNhgn2BPYhk
65,263568,2013-10-14 10:24,d9771b901b1c95aa53e16c36af16f2892b650596b9b9dca199dfc6cadcd99365,Oct1,3,30000,30000,0,3,mempool.space & blockstream.info,,....K....I..S.%&..>e.....~..|J..{.......,1QLSJdX4q4WEZ2y65SWKazXGcAy8vJkDBh 1DAPi1EXuJw6xootdi2h2T2dHoJy5pcfdS
66,263664,2013-10-14 18:54,96b0e6be3f03f7b4b5c692e9e89935cfaa8e40886ba1fd7ace401963b2ef7925,Oct1,2,20000,20000,0,2,mempool.space & blockstream.info,,....;ox..H`..u..+..x.S.e..3.....*A.....w,1PntWGxoTWrRPNVASYenx9WV1KTr1wdncE
67,263666,2013-10-14 19:17,365507bf103df910f23888a6ac0a9465ee8ccf39a8e6ce469498b0b9f7ab44ac,Oct1,2,20000,20000,0,2,mempool.space & blockstream.info,,....;ox..H`..u..+..x...?Q....K8E.j.R...P,1BGKb8DaX3sNQfY34JEBhW8aJEMP3pmkuM
68,263669,2013-10-14 19:57,ab051e2526eaef8a7928943f1a3a9fc16fd10267d42fe8f1c9e8a725d9a8d4c3,Oct1,2,20000,20000,0,2,mempool.space & blockstream.info,,....;ox..H`..u..+..x..$.....s.V.y.}k.y..,15ge1depa7idH1fxL8LRDALZDui159NPph
69,263675,2013-10-14 21:02,e7f55bdf7897d0585b19cb433ae64b7600e22f11599372664e233552939cf14d,Oct1,2,20000,20000,0,2,mempool.space & blockstream.info,,".r.f....7...,..o|;.....D.e.7.....:q..B..",1CxxqWDboJTped3X81pRAuCpQDH5Pem5Qj
70,263775,2013-10-15 05:56,11c55dd049a559dfe3f2846408a0c0c77168d24bb50ae565f32525f4eeef9def,Oct1,2,20000,20000,0,2,mempool.space & blockstream.info,,u9........7.^..... .@N.A._....W[Y$.b....,1MZ5KKN1HCdXTC1M1dJz7oHPW3BmJqS4wi 1ArwhcuB2aZnNasLr5nP9GWZJuLzUcxqgW
71,263775,2013-10-15 05:56,31bfa92abf9ffbb6dc9e4b5027504a3c41284b56a29da900ba8c20750e5cc5de,Oct1,2,20000,20000,0,2,mempool.space & blockstream.info,,....;ox..H`..u..+..x.I..H...)]..U.....I5,18VGrLaCXVnRJ2fehiLnwfqJBXvLPB6v5P
72,263775,2013-10-15 05:56,5f484a7fddbbf74c86d7d793d68cff806d81de310edfa9e601cab2b50a77b138,Oct1,2,20000,20000,0,2,mempool.space & blockstream.info,,....;ox..H`..u..+..x9...I/*~V...*...A...,1N1SFCQkFxz3G5higf5GitTSiBVfUA9hnf
73,263775,2013-10-15 05:56,781936c79f2f54965f703785629785819328db25dc0c8b27081aad5d57d69de3,Oct1,2,20000,20000,0,2,mempool.space & blockstream.info,,....;ox..H`..u..+..x8...5S._.$..9...hU..,1Cy9eMALi4TMj6HeanbGvWpT3PofTdHz3J
74,263775,2013-10-15 05:56,a63a0eafe8a0712f45a1e2e1d18bd6c1ce57b9c0f37203ea07c9b73247de589d,Oct1,2,20000,20000,0,2,mempool.space & blockstream.info,,....;ox..H`..u..+..xb......~.QN.vy.l.P..,1Bc1dJCHWUiyr1mmUy1ZpHQiErEaQwp1UB
75,263817,2013-10-15 09:24,af65a88c7ef1c768540823cc285b9c363f1a7003d7bb71854e09d3417d085ced,Oct1,2,20000,20000,0,2,mempool.space & blockstream.info,,....;ox..H`..u..+..x0....%h.X......./`.y,155MTmg5Gr8rn16CzMU4eiPR4FD5TQ4ShQ
76,263871,2013-10-15 15:13,68143892247f1fd8233705f6cb5de4ba15187c0e06a32f64f00dcaa80336c328,Oct1,4,40000,40000,0,4,mempool.space & blockstream.info,,".r.f....7...,..o|;..s...2bV...0.k....T.u",18QM3wakHYfwCPbwrxyC66z9gpK2m9ykeK 1M2VbX9wUF77JbqjqojmGzV5V5qUdCqGPb 15e9cBTG2fL77uNHxRTs6sbiiN6DSJiFHR
77,263896,2013-10-15 17:05,11c07bc193f90018c8121e4fb35d19ec511fea04ef147bce3ce2d0f7d8580290,Oct1,2,20000,20000,0,2,mempool.space & blockstream.info,,....;ox..H`..u..+..x..=9...+... )..r.B6.,1P1wNEzEnVUUcEYMkNDC1cRDq6DY3tYCo7 1rhEx9XEu9S9aHpsmwWpdojtDrUmsyPdt
78,263896,2013-10-15 17:05,580c7b850e440ca88981e09294fb554ceeba10d662b1ecff0d0df227c1fcefd7,Oct1,2,20000,20000,0,2,mempool.space & blockstream.info,,3f..f..{e=.(.s..A@.MWPY.._.....p.)4.....,1GMDGbAG1XMNm8vgXkMdpKTP4kjRNGYvEq 15GuAfAnLHJtxGxPk22UvnaNhEaSUzHbrZ
79,263897,2013-10-15 17:12,62d9f5d24fd975e5fc46446a04ba898ab2f9de27a56cc4ce92f580cca1f60dd1,Oct1,2,20000,20000,0,2,mempool.space & blockstream.info,,"....;ox..H`..u..+..xcW.6.....Gu."".......",1DP1PWJiK4wEtG3HfGYH5DcoPP2W8L73bk 1Pd58xqy8Yxf4b6V35yqY9M7Gzd6jgqxv8
80,263897,2013-10-15 17:12,a76523aa87dc7b9880afdaba34e5efab1dbc4c35ca0a89a3c087d9a7f5c2a136,Oct1,2,20000,20000,0,2,mempool.space & blockstream.info,,....;ox..H`..u..+..xjp....>D.....\u.. ..,1MCYQmXGo8cC4cyyZ2urKrMZchEtw6dvPP 19r9GYT9H3f9DjSD1NCftKCzPs2nF3H6HS
81,263901,2013-10-15 17:22,3ae45485596403643398caa27f3425c1a194ee44a411150fb15729e4db534585,Oct1,2,20000,20000,0,2,mempool.space & blockstream.info,,....;ox..H`..u..+..x.....f......%.....{.,1J8y4NtHA3MkeGpHJ4AYESBZ7LWKmW3gj7 1CNt2CafTGdEPJDi4nhDemZU2N9r3VRjVB
82,263901,2013-10-15 17:22,f7ebbf436b9fc72a12d406f5d00c19cc186655ba83df9faa12deb9616166a747,Oct1,2,20000,20000,0,2,mempool.space & blockstream.info,,"....;ox..H`..u..+..x........E....T."".$.+",12DxVy9MW9vstx4zy9TnZc9FkrYmXzkH1j 1GvY3Dg7nE6BB8X3cmGoMAqNojN6PAfbTf
83,263903,2013-10-15 17:31,2532b8b337b053236a21b4c4a6bd8d6e7a33d05997ed1e25c1d813f7ce7688e2,Oct1,2,20000,20000,0,2,mempool.space & blockstream.info,,"....;ox..H`..u..+..x'....#.f...<.K"".=z"".",1MSVXbmvgiPXdZAJdxa2JQfmdmznM2qDde 1PNgps2ypf5mgk3QNwAQzZrRVxHskreweu
84,263904,2013-10-15 17:38,f1b5445573d055ba992287bb03f4d270eecc9e55ad3ab879bde82f62339f3095,Oct1,2,20000,20000,0,2,mempool.space & blockstream.info,,....;ox..H`..u..+..x>&...o...9z$a.......,15TGnzfNgzccK1cHG4NQ3sPugTVKxNkGvR 1JhCLV1oqgbdYfWCNZVy1PEhuxMN1ENLLr
85,263905,2013-10-15 17:50,d0537ef954ba9018fd18b583360c8d8a29deac96ca2a284fcb0c4dc08d10944c,Oct1,2,20000,20000,0,2,mempool.space & blockstream.info,,....;ox..H`..u..+..x.....|0.5.]f.C....@.,18QuX6i3HgAqpUvLGw8jXFoVUvM3ZEMyrh
86,263906,2013-10-15 17:56,9685eb9020fe1c980ecd929df368405569a65571a8a93d2991f188013c2ac806,Oct1,2,20000,20000,0,2,mempool.space & blockstream.info,,....;ox..H`..u..+..x.....\...w.w...K;y..,16YpUHmtWUmR2Af49pqhh1UDEzCyBf2phq 15HmwHbxe6V25wesT6jmtxLmT9puJrjFUY
87,263906,2013-10-15 17:56,d4bcd777993db34d3565e478c37c9115b2ba2cdc12646e9f6397172487ba8051,Sep27+Oct1,2,20000,20000,0,2,mempool.space & blockstream.info,,....;ox..H`..u..+..x.73~..KD....#.zo< ...FG.....e..3...*.o..,12Wcv6UUWKTJDid8UznaDYbHvGEa6jNkkS
88,263906,2013-10-15 17:56,dd091d862e98c9089a3bbf73c38dd14f6090d960400bdac06cb1d274e5f113ae,Oct1,1,10000,10000,0,1,mempool.space,,"....;ox..H`..u..+..x.d.. ....a""+..G..`..",13BAEvemqf7kg9ERDMApahD3AkpCaqmcYs
89,264089,2013-10-16 11:57,8d7b350ffd8247153002df34eed568c5b2dcbef924ceb26c75fcdcf2aeae726c,Oct1,3,30000,30000,0,3,mempool.space,,....k...l.....t....d.w.i`...LF...*l....5,18db5A6qrAV3t9MRoErNmsASQJkKExjkYE 13u7KyZjFhd6EzbLXKQMf79fuaAJTXmYc4
90,264089,2013-10-16 11:57,cba8e54c3b617fd7faac1d666ef7caca6007870d5d3b3474d6ea6dec2200b6c7,Oct1,3,30000,30000,0,3,mempool.space,,".)Z&..7A/J.k.h.*K\\v.....P.{S...._,...Dq",1B1mdLDzwS8dhi96PGBZQaBo6rJpk8uh9w 1A3Wvj6okjZVsVvpCQCVdNZBMs3q3R2ZaM
91,264098,2013-10-16 12:45,0a88712dbac96e59c7be6fc5f6bbbf51c99dbdc37bc7e8f0dd7a4c0644d42d8e,Oct1,2,20000,20000,0,2,mempool.space,,......+.h..tc...@......\..F.|4.w.9i...).,1HRGjAwSJNB6jWjhtzGrGiJVB2VwcS8tES
92,264136,2013-10-16 19:07,006b7224411e14516e87d9a707bb1c54442fc9d433866661e3a537aacf0339f8,Oct1,3,30000,30000,0,3,mempool.space & blockstream.info,,.q....AB..\...u.KrM})G.c.44......$.*.c..,1GP8eYDQ1RhPU1sBLnnjN5BKDqTKuUdEmQ
93,264144,2013-10-16 20:08,4ac76b03caf2711c1b068bb2e7c885ed9a772e634b92786cdd44637c550985e7,Oct1,3,30000,30000,0,3,mempool.space & blockstream.info,,".r.f....7...,..o|;..nM..6.;.C.....9.....",1M2VbX9wUF77JbqjqojmGzV5V5qUdCqGPb 158YNM8mq3n84ixVjx7cArUr88yC5t7G9D 18Kp2i2FdAgaUZfXDmkHWMEkPTNFrqVASf
94,264145,2013-10-16 20:25,6afb0e1e30bac1bf0882daf887d350e58656d15ed1690ec1f6d12fc98b2f3289,Oct1,2,20000,20000,0,2,mempool.space & blockstream.info,,".r.f....7...,..o|;..{.......i...1`.^+...",14Eefi1JZGyYSJ8hL9F6JS8JMgoxWNaNC7
95,264317,2013-10-17 19:56,451685d58dd87f39699abbde807e281e614d3f77df5dea0095a34da951ef4232,Oct1,1,10000,10000,0,1,mempool.space & blockstream.info,,"....;ox..H`..u..+..x.q&.""..`-..M..H/8...",16vKHKYvmM8wG81Rm5enBEWQV8LjhdiMyh
96,264317,2013-10-17 19:56,58b809d8c146aa79e18aaed2177f3d173d79ec61a8024dcf0814595e0fe85980,Oct1,1,10000,10000,0,1,mempool.space & blockstream.info,,"....;ox..H`..u..+..x.q&.""..`-..M..H/8...",12zsnCb7LZHb6YN7qyED59HtmsBMeLpUDv
97,264317,2013-10-17 19:56,89dbdc66245d13d341559ffb1a6062527da9d0217bcb1fc33cd34ca0fe0fe806,Oct1,1,10000,10000,0,1,mempool.space & blockstream.info,,"....;ox..H`..u..+..x.q&.""..`-..M..H/8...",1DAVfQrJ33hiCxLAruv6KZ4t1ZoLkJtGTY
98,264317,2013-10-17 19:56,98aca543dff1839228ed07ddd24d3a5b338bcf42b59fb63df6de36fdb625608e,Oct1,1,10000,10000,0,1,mempool.space & blockstream.info,,"....;ox..H`..u..+..x.q&.""..`-..M..H/8...",1CLEC757mwkpUfQht2DUx9CgwwGwMAJFWd
99,264317,2013-10-17 19:56,b017dd575622c7441a541a6adf8b9f5ad159e7124c7801397c4602c34eb96a7e,Oct1,1,10000,10000,0,1,mempool.space & blockstream.info,,"....;ox..H`..u..+..x.q&.""..`-..M..H/8...",1JKyF8wnjPPtzCSd9BpAJFGKLtLq849dYY
100,264317,2013-10-17 19:56,fe2c0d70d6960c7ccf5196e4500990bfef64e798555d12a09d27e0245f3bdb8c,Oct1,1,10000,10000,0,1,mempool.space & blockstream.info,,"....;ox..H`..u..+..x.q&.""..`-..M..H/8...",1RvQrNbX3MB2RYAVEtdVkdrJn8oweTBsR
101,264320,2013-10-17 20:09,1857abc47b75f21a6b4a0c4272458b65273859706178326d359354a6498a29e8,Oct1,1,10000,10000,0,1,mempool.space & blockstream.info,,"....;ox..H`..u..+..x.q&.""..`-..M..H/8...",178qocmekd2im392C2qtCErEBChtGoqgPQ
102,264320,2013-10-17 20:09,8698af14fa6fcb2fa6f3c20314cf96cde4ca8cddc1ba291409fc1382123ca1cc,Oct1,1,10000,10000,0,1,mempool.space & blockstream.info,,"....;ox..H`..u..+..x.q&.""..`-..M..H/8...",15WkrGhQfrrdBjkb7VkLBYPop71Ba7wL12
103,264321,2013-10-17 20:22,13d3ae679eb9861874230f4801d0454d05636a71184ee92cd07d106fde0bc576,Oct1,1,10000,10000,0,1,mempool.space & blockstream.info,,"....;ox..H`..u..+..x.q&.""..`-..M..H/8...",1Q3JZ1E33AHpG7LTtDVpFbDYetmJJ4jDW4
104,264321,2013-10-17 20:22,ed82c828fe3900200eb286fd949f8ef73890cd2f6caf9e196b3b4866c2e34e95,Oct1,1,10000,10000,0,1,mempool.space & blockstream.info,,"....;ox..H`..u..+..x.q&.""..`-..M..H/8...",1CgbCEs2Y5HUAXNAx9VRVVGWKzWBaDk2gH
105,264322,2013-10-17 20:56,3ce2d04190fad29c5d87f6f67a1d49850e83d93a90c21447811cfbd9d654e7f6,Oct1,1,10000,10000,0,1,mempool.space & blockstream.info,,"....;ox..H`..u..+..x.q&.""..`-..M..H/8...",1EeAFUCbG88AUhBX8Dr62BGk2JBBKCVYLd
106,264322,2013-10-17 20:56,67a7f701ddd243966e29264d26f38c04cb1225753589f71d84cd3cb017573c6a,Oct1,1,10000,10000,0,1,mempool.space & blockstream.info,,"....;ox..H`..u..+..x.q&.""..`-..M..H/8...",1JDp47WC86w6Jiatm6Y2GUXEHMFSs3dfXG
107,264322,2013-10-17 20:56,77589f699a1ae6cc64ca0d974f7686aa46039adea3b30c41e15b020219ccfe56,Oct1,1,10000,10000,0,1,mempool.space & blockstream.info,,"....;ox..H`..u..+..x.q&.""..`-..M..H/8...",1EsvZNYTQ3Hi892Ykz6szUdWF9bbxA9qLH
108,264322,2013-10-17 20:56,fb75c5326ab6769a4231819f8ec4c3c9bf71b52c17f8da082ac783929f103616,Oct1,1,10000,10000,0,1,mempool.space & blockstream.info,,"....;ox..H`..u..+..x.q&.""..`-..M..H/8...",1PqtTQhD46SugxFjggvaD3gFvswyShB9tN
109,264350,2013-10-18 00:52,c92c94c920f79383470adbb239d80bb01e201b991d867ac882b958a8bfc8ffc3,Oct1,3,30000,30000,0,3,mempool.space & blockstream.info,,gW.s.X&.F&....`K.z....y..mY......b*...l.,1A395oMcPE2SP2bZKRkNQ8ot2oNbCvZ71s
110,264352,2013-10-18 00:58,528bc975c1dd94e5ed57cacc57f8a895202dac0596e33ad643248f3f225b0ba2,Oct1,3,30000,30000,0,3,mempool.space & blockstream.info,,"gW.s.X&.F&....`K.z..U..,.O...%.........K",1A395oMcPE2SP2bZKRkNQ8ot2oNbCvZ71s 19Mnk6DL85VcYYEGdTGxSXaabCB7m1C6Zd
111,264423,2013-10-18 10:55,0598d8433da8581b979f266014c953b05ac0704979513c8c06dafc491470519a,Oct1,1,10000,10000,0,1,mempool.space & blockstream.info,,"....;ox..H`..u..+..x.q&.""..`-..M..H/8...",12F6xfdxfa3RK2p8d1AjZoygvSESBihyug
112,264441,2013-10-18 12:59,6b1f2cece121567d4b62d94ffa68ee1af764aeb63d3fbed2d85ead78a4cc6881,Oct1,3,30000,30000,0,3,mempool.space & blockstream.info,,.)Z&..7A/J.k.h.*K\\v....:...f(.>{+.....2,1BgPtVLu7n8Evr2wBPHRyWVXdrBqTnf18G 1HzQ73fSXGXWnRMmvYh96j2Kxj6q18UiRo
113,264544,2013-10-19 00:41,4516d644cfd3e92e5c39f105bf62f59f0bef18c2d85579bde6b11d378c18247c,Oct1,4,40000,40000,0,4,mempool.space & blockstream.info,,".r.f....7...,..o|;..~....,..Ep..[>.N.2..",1N4eP58WLq9S2vMChpYMLMPCv6xibe7ZU8
114,264683,2013-10-19 16:08,a1c4225dd9d00cfb5f8e4a65d979f6ab64d9a0292dd91c38eed97385097ca143,Oct1,1,10000,10000,0,1,mempool.space & blockstream.info,,"....;ox..H`..u..+..x.q&.""..`-..M..H/8...",1JqmFhfBa72hCLPiSAS55TjWsiCqveNicB
115,264683,2013-10-19 16:08,b67a94a6fa934d6b466858c04c472032ed1ab3eedf638eec82b2ad27d1b45d45,Oct1,1,10000,10000,0,1,mempool.space & blockstream.info,,"....;ox..H`..u..+..x.q&.""..`-..M..H/8...",13mwjR4Gi5wvghW9xNiXaiEYKd8kYSidQ2
116,264686,2013-10-19 16:23,5cd294b78b92b547ee94f53e3f862c24725924c154a94090733d6a63147c3c81,Oct1,1,10000,10000,0,1,mempool.space & blockstream.info,,"....;ox..H`..u..+..x.q&.""..`-..M..H/8...",1Go6yrwPDxeSMDkg1qj7etErFkYe3D7WGd
117,264687,2013-10-19 16:26,3be2d17638ad97cbb5effc9f03d7cf64c8e678f546f125ff7a2b360c44101a93,Oct1,1,10000,10000,0,1,mempool.space & blockstream.info,,"....;ox..H`..u..+..x.q&.""..`-..M..H/8...",17uGwu7BjRVztFVCdomnKuRLKL3xW1Hbdx
118,264790,2013-10-20 05:33,5d2131fb28267a9c610805551d23631b139ad17dde3bfc9ed24cc85a8697557d,Oct1,2,20000,20000,0,2,mempool.space & blockstream.info,,)X...e.....9.V6..J..w.........jJU.31y.C.,13QPc9pzLBhzYijPNVgB5JEXabL4mqL17F 1AcXhqURro9fwt8vyMuktHGNz1wV32fX2B
119,265001,2013-10-21 04:57,b9fa22ac6c03db25d7237c9a74700a42e21dd7b95ce2bb6867e944ef15770731,Oct1,1,10000,10000,0,1,mempool.space & blockstream.info,,"....;ox..H`..u..+..x.q&.""..`-..M..H/8...",1FL2Sk4399FoyH6E7EMt6Ha6j4bjjAocm6
120,265005,2013-10-21 05:16,6d79b012dd048015c113b72ebf6399a79ce8abbc00aac9afba6193479f827ec2,Oct1,1,10000,10000,0,1,mempool.space & blockstream.info,,"....;ox..H`..u..+..x.q&.""..`-..M..H/8...",19qGeGbD2dT2X8Q6QQUbyCT92QJron3aG9
121,265005,2013-10-21 05:16,909745fa6e761fb23033d4acc9fa983569837800da64e0a4b4f0ce50ab59b101,Oct1,1,10000,10000,0,1,mempool.space & blockstream.info,,"....;ox..H`..u..+..x.q&.""..`-..M..H/8...",1EJn8w3sj5tyxupvFPYn75Erkwju2P1HyU
122,265140,2013-10-21 21:07,04644377c2bb661b82c974dff628500bdd38e46c542b8b49a0f599fbf55a8745,Oct1,1,10000,10000,0,1,mempool.space & blockstream.info,,"....;ox..H`..u..+..x.q&.""..`-..M..H/8...",1CwZEng4kUAC2JCtzmfhjBgsckiaE3TNes
123,265140,2013-10-21 21:07,439f48bfaad6bce9adbc338d216258317a8fc1f95f28c12a3a7aaaa7a8e06dfd,Oct1,1,10000,10000,0,1,mempool.space & blockstream.info,,"....;ox..H`..u..+..x.q&.""..`-..M..H/8...",122abFJQcLVbyMVEVB6mi6MbyY64HFXkpU
124,265140,2013-10-21 21:07,621d1f66ba80f5b3f2f3deb48f720491aae3f4bca7c4c99e8d173526764c8b92,Oct1,1,10000,10000,0,1,mempool.space & blockstream.info,,"....;ox..H`..u..+..x.q&.""..`-..M..H/8...",1GM6qGTzR9FmRFD1jCe2fcxgQCnTsJDqky
125,265140,2013-10-21 21:07,6634be87e56fb82e82d605d6a0755fd184404b3c7c0af89898d34e2817af0e9a,Oct1,1,10000,10000,0,1,mempool.space & blockstream.info,,"....;ox..H`..u..+..x.q&.""..`-..M..H/8...",1KUUaMMaVjS1tyS2XApatbb3TQByzU7aMd
126,265140,2013-10-21 21:07,88b82568247ff13312de6d7870b4ac792ab038ff164197d848e3ca417c4a5700,Oct1,1,10000,10000,0,1,mempool.space & blockstream.info,,"....;ox..H`..u..+..x.q&.""..`-..M..H/8...",17rFKvTN9MvxxWePhHuk884V1u9QKukTfC
127,265140,2013-10-21 21:07,afb9e2737dbb0914952c03545dae1fcd74a3f1235f907570499fc065f525878c,Oct1,1,10000,10000,0,1,mempool.space & blockstream.info,,"....;ox..H`..u..+..x.q&.""..`-..M..H/8...",1BkKs8cK26wG146z89V6KC3QQf7eHdwzAU
128,265140,2013-10-21 21:07,b5a747fdf4cff7df6b5248048a59e333c92453da1ef1638490ba8c5cbaeb9aa2,Oct1,1,10000,10000,0,1,mempool.space & blockstream.info,,"....;ox..H`..u..+..x.q&.""..`-..M..H/8...",1hpdJna2fdJh8gfmHYhnbqHg9Txeksjyu
129,265140,2013-10-21 21:07,b8c0bac2ae1e349c314afe6b16c7722d4f459c2969fd81cb76a2b9f4807d2a38,Oct1,1,10000,10000,0,1,mempool.space & blockstream.info,,"....;ox..H`..u..+..x.q&.""..`-..M..H/8...",1DAre5vbW3xQFRVMos4ZDJkEP3pTVPdqsM
130,265140,2013-10-21 21:07,baa3f385d695f2dc0a3257fafcfb0efe0f1b0d145fc0af4bcd197ed59cb4c766,Oct1,1,10000,10000,0,1,mempool.space & blockstream.info,,"....;ox..H`..u..+..x.q&.""..`-..M..H/8...",1M2xk1P2dgs9mDn9aEyk1qDTHNi8jAxc4p
131,265140,2013-10-21 21:07,d4e5f3525ff50907c2c08ddee446f92f8dc7edd8f2d606188f93fb278277dd34,Oct1,1,10000,10000,0,1,mempool.space & blockstream.info,,"....;ox..H`..u..+..x.q&.""..`-..M..H/8...",1afiyJQvmEKaHWywYJ98Expp4MtdkUYgy
132,265141,2013-10-21 21:25,2edf5385b32ad4f68b006aa1e9e1d2e18cdb1a6743ae49f8a9300c0842ef2fe9,Oct1,1,10000,10000,0,1,mempool.space & blockstream.info,,"....;ox..H`..u..+..x.q&.""..`-..M..H/8...",1CZPFgPp9zYoL6g9wwuU6pmmfCXcC2kuqY
133,265141,2013-10-21 21:25,aedfd7df2b6676b7e47221c56e50f43834b7b2cc1b82f28c2d682be9a2313358,Oct1,1,10000,10000,0,1,mempool.space & blockstream.info,,"....;ox..H`..u..+..x.q&.""..`-..M..H/8...",1AqQWtFFzfpqQZ6rwoSrymxPEatG29LCT6
134,265141,2013-10-21 21:25,f2e63fefaac1d1de1239522b1e8e5d42d94e2db107697e5cfed258c0e6656d2e,Oct1,1,10000,10000,0,1,mempool.space & blockstream.info,,"....;ox..H`..u..+..x.q&.""..`-..M..H/8...",1hWo66Vbfp4ZkTVkLcWBGYFBjUVi7LLqn
135,265142,2013-10-21 21:31,31b8c51af98ad16c7cb63fde3374a13d09f404e362d15c729055bdfd10d88939,Oct1,1,10000,10000,0,1,mempool.space & blockstream.info,,"....;ox..H`..u..+..x.q&.""..`-..M..H/8...",1KfoYqUhYdeYF6hhMHSrMLh3Qzyiy2UUcA
136,265142,2013-10-21 21:31,a3f5d9f39b5680f36466a5155258f81b71c1a41a8014a69d7a21dbce34ea6cdf,Oct1,1,10000,10000,0,1,mempool.space & blockstream.info,,"....;ox..H`..u..+..x.q&.""..`-..M..H/8...",1HgQU9EkLgPKP6q73QYwbR2uDsGDYb3sWS
137,265385,2013-10-22 20:37,86cfdfb04044cf90102477c5f8bb7451389ce7ea8c88623d3eb22f3c0695cf28,Oct1,3,30000,30000,0,3,mempool.space & blockstream.info,,".r.f....7...,..o|;..W@..>9...G...B.. ...",1NMtxFs4RuEdLdzH1LFApJfeFPEs47wvEF 1GxfnoouV22h6FeLJq6UiSPQW2ua1nSbt4
138,265490,2013-10-23 08:46,c78fe7200d7940acc9166a79375e81c54cc8b54189255762537e69084bbfb0fd,Oct1,3,30000,30000,0,3,mempool.space & blockstream.info,,.)Z&..7A/J.k.h.*K\\v.6ZxP..=.?.6....\X_.,1K9yuoooxf7MEPvXQgBmsoUnhJjyQMt3QG 1MdSK97mfwnpdQzrPriFGPDrqsPFXQjjUc
139,265500,2013-10-23 10:03,11524caf83ef9977dae10fc0455cb651573fd646a1db35404318da3c16314434,Oct1,3,30000,30000,0,3,mempool.space & blockstream.info,,..6..4!.....d......B#..]...-.t..N2....s.,18CxxaCdinLX6JiXb2fsdxhzTFUwsDseRQ
140,265500,2013-10-23 10:03,67624a8f9f3357177d9ce0d627603cc9f844bae57efa5c8ac8ef6f9286bcd74d,Oct1,3,30000,30000,0,3,mempool.space & blockstream.info,,..6..4!.....d......BD.....S.........~{xZ,1PxsZVgUezJ54vedomTJCKEuoDjPZTFowr
141,265500,2013-10-23 10:03,acc11bd11a5d6624b83eead8121d2fcec22b205b8160f86f127abbf6d862b7e8,Oct1,1,10000,10000,0,1,mempool.space & blockstream.info,,..6..4!.....d......B;D...p...of'.bf...(.,1AZLAKAh5TM7kCij4Qfp1JPDVXSZNCzcSY
142,265500,2013-10-23 10:03,e6da449dbed0ea2cdd143c1c79d554b78f2676f34639916c1c6d8dc372c0999f,Oct1,1,10000,10000,0,1,mempool.space & blockstream.info,,..6..4!.....d......B...R!.....x`GSI|...R,16Up4B5fCi1MGNKsSoDXw2MbTxbhKGiP4R
143,265508,2013-10-23 11:22,46f33a3ee1313f711cffaf76ad413a75e78c209eef77863a43c66469bf4868ce,Oct1,1,10000,10000,0,1,mempool.space & blockstream.info,,"....;ox..H`..u..+..x.q&.""..`-..M..H/8...",1Phi9zmyFT2DLeNmtB912mjD2ABqbKLT3L
144,265508,2013-10-23 11:22,58c2c1a5916ba84ed3ffc30dbf1d22fd259625a48c9bd5674cac6996dd655bda,Oct1,1,10000,10000,0,1,mempool.space & blockstream.info,,"....;ox..H`..u..+..x.q&.""..`-..M..H/8...",1HFDd8EgbUjEcqmuhsqAKFn3yzu5yy6W8N
145,265731,2013-10-24 12:03,a0e063e27d53444083d25d622fd0a9c4990d43b788fbe8810f13cf166b353f90,Oct1,3,30000,30000,0,3,mempool.space & blockstream.info,,"..6..4!.....d......B.x&8z:..,I.....V....",1HVabUJK2qZMLqFS7KXL2FmgjCEGAXgSyx
146,265732,2013-10-24 12:12,9aa8399aec344a1f7d0280da77dd374a4dc04c0ccbad8288f59b38b81acbad01,Oct1,5,50000,50000,0,5,mempool.space & blockstream.info,,...l...........{..Ke.!KH(.[I6>!...Q....m,1KaLc4Y38LyrwKv98tN9u282Th4KZyTqj4
147,265739,2013-10-24 12:36,acace7059e00075b3a7061931d6f89458a9d44980e9331e665d769f2b2e16b06,Oct1,2,20000,20000,0,2,mempool.space & blockstream.info,,".r.f....7...,..o|;..}&...i....4.n.TG....",1Eueh1JQxtv9GPKskCLVrTcb7srvE6xqCn 12TGzQbcJCTYY776NS3NePuabT8qN7kHYL
148,265743,2013-10-24 13:19,7c084495a8b2e53a35a6bce71eac17530521870a4136cc5034855c064db9860c,Oct1,4,40000,40000,0,4,mempool.space & blockstream.info,,......5.Qn.5....g6.A{C!...j.d&.l.....E..,1QBfAwmJcgDpPXimAh8zo327Hvrzj2Pc6U
149,265743,2013-10-24 13:19,bc43489100f441ab0a7f1b946b103ad703f62c0d76294e67b7164f17350a688b,Oct1,5,50000,50000,0,5,mempool.space & blockstream.info,,...l...........{..Kez..c...=(...Z..I.g..,134rweT8Ycj9Yuj8JiKUpBEcXffvtWRvGF
150,266020,2013-10-25 17:51,25f23fa09a84ee7bddd56b548b9b268beb625bbfa4d475808e5b8129e4ccc9bb,Oct1,1,10000,10000,0,1,mempool.space & blockstream.info,,"....;ox..H`..u..+..x.q&.""..`-..M..H/8...",1CMiftoHjR8SkpSaLci5DhysLnng9cpJyP
151,266020,2013-10-25 17:51,8ac543b5854b2e4e78c29b6265cf9d9e9cc8c5f9f6b4673b49ff21e485bff1fc,Oct1,1,10000,10000,0,1,mempool.space & blockstream.info,,"....;ox..H`..u..+..x.q&.""..`-..M..H/8...",1JRE6nrYrVEMLcR6Ee8Z2BY8GLRwpUs4br
152,266021,2013-10-25 17:59,ed6dcbcf6cc41da007b3fb93f84cf09f913203114ea6755f3d9fc8ebf00412c2,Oct1,1,10000,10000,0,1,mempool.space & blockstream.info,,"....;ox..H`..u..+..x.q&.""..`-..M..H/8...",18q9DBUmbYh2PN7Q82cmmbA2jnZegFMSBc
153,266034,2013-10-25 19:07,9af2153e95320d902a220c192e5358f6d1607d3d4b76d78826a2cae9d10a51a7,Oct1,1,10000,10000,0,1,mempool.space & blockstream.info,,"....;ox..H`..u..+..x.q&.""..`-..M..H/8...",14zjRPsaV7R8V6R96wyCifMBseeSCv9e7y
154,266034,2013-10-25 19:07,a9b706f34710a0326bf4cefd1c6cf50c6313a8045e7a6c0c6709c0ddf7ac901f,Oct1,1,10000,10000,0,1,mempool.space & blockstream.info,,"....;ox..H`..u..+..x.q&.""..`-..M..H/8...",1GyVUdDwykF4ksbhUm5MZ8WwBxwcpGfzDs
155,266222,2013-10-26 17:26,13035a40403a0a67ee66ed15facba11a22469279f5d9daec87368acf40cde9b3,Oct1,1,10000,10000,0,1,mempool.space & blockstream.info,,"....;ox..H`..u..+..x.q&.""..`-..M..H/8...",154PjH2m5h7MyWvTTSWyJ8kAe1oAswfRgt
156,266550,2013-10-28 13:52,3265fd2c05faecbc8a90f8fd080288851223a2e6b8986e932167452767a7d9d9,Oct1,3,30000,30000,0,3,mempool.space & blockstream.info,,)X...e.....9.V6..J...@.|]...}6..p...@)N{,1EsM1DfyiXrYhG78FBo3ZTbL5MuGHkMBV1 16wUsyvjkrtkLg9c5XLLiXxg4jfc4HzmCM 1k7ywsimLS2WQfqpEf5Rfg8sQNGex3jzG
157,266681,2013-10-29 09:02,16b7e48a6184f36ebb111b9c2ffcd718cc214ad7782267b34fb9174985f9d00f,Oct1,3,30000,30000,0,3,mempool.space & blockstream.info,,..7..\..=VB....c...../....AW..W.g&.}.R..,1ADaHvkEqN1DoZXS1oSzpn1KggWDr1gajx
158,266681,2013-10-29 09:02,8b069f5ebc570edc39f2dd816593009cd3e310e93c7f80f036bd3ebd05d367bc,Oct1,4,40000,40000,0,4,mempool.space & blockstream.info,,.I..u..}h$].$.y..`RT.K\..1...=k)...(-p>.,1HG9pmYFefgzhBAXvVRjbeWU16kDMVRnwS
159,266681,2013-10-29 09:02,b20ac8d952229d806cef23718a631e590d2fba6b65462f10b6a0adc950b10880,Oct1,4,40000,40000,0,4,mempool.space & blockstream.info,,".I..u..}h$].$.y..`RT<N.""Ls+.,.sG...l...5",159wsAVr1xCcaJCc49UufuP9NjTWAyTFdk
160,266690,2013-10-29 10:11,f5097d5a336376d22cc2089ca9747c18ff29d49ca585aea3bef2a24046f26acd,Oct1,2,20000,20000,0,2,mempool.space & blockstream.info,,"75....9:...n.y...d.....""=......1.>g4...g",12hSvntMpksegR3wep1kxg8odXpLEuWdjZ
161,266703,2013-10-29 12:00,84d75caa29f5aaac3f1bdb5c575dcaf2ab49702603830fbf3dfc435673e000fc,Oct1,3,30000,30000,0,3,mempool.space,,.I..u..}h$].$.y..`RTBsh....jZ..O.....{..,1JjQTWAeRczVodSnsAGSPP7xdSEvv3oSXP 1L7YcKzdePYN7iEJZfF9dVLu1WTZzxb9ge
162,266707,2013-10-29 12:29,08b7dff78a711486ef603a50b9a243793cccdf4f5405b6df8d1bf073e7e0b64c,Oct1,4,40000,40000,0,4,mempool.space & blockstream.info,,.I..u..}h$].$.y..`RT...h.z].<..oI..Bs..P,13cGQuaS1JsqikrYviu4HF1WUjiPw96nmh 1AEjtbsyLGaLm39HTXoxWJRDafhjX3u9AC
163,269045,2013-11-11 14:31,7bb06ba6e125e2114eacc1f8aaa19d951e29abe78efc28a3fc20cd0a45b9489f,Oct1,2,20000,20000,0,2,mempool.space & blockstream.info,,".r.f....7...,..o|;..~}.....`..|.\X......",14QvQZH3wmf14seTWftKW2roqSif6tFMBy 1GH9FpDyVzRa425VHSyCZxgLYbw46Eyz9P
164,269438,2013-11-13 17:05,25683853b0355c3937c80e8ef887ea2ab84ad6bbbfbfbedfbfaebb411af35c0b,Oct1,1,10000,10000,0,1,mempool.space & blockstream.info,,"....;ox..H`..u..+..x.q&.""..`-..M..H/8...",17mZoybbRr3r6TTUgMj4RcX36GVf7yueB2
165,269464,2013-11-13 22:19,a09e0a14df6c1de8bcef43b2513794c1879e732482d105fc918001275a40dba9,Oct1,3,30000,30000,0,3,mempool.space & blockstream.info,,..Q..u.<....t. GIk....cVF..$....jW.H.r?.,16vdc586Uc25FiyDZLEK4h5rhQdinK31nv
166,270235,2013-11-18 04:40,05e87ff904f4ba0961c888f2d91ce82241b00ea294de718d0589a84ca7c4e1ef,Oct1,4,40000,40000,0,4,mempool.space & blockstream.info,,..6..4!.....d......B/....$mRD.)<..n.....,1LpnDCj7PGuBbETXdBKYHwjeR4rG52t3ac
167,270235,2013-11-18 04:40,430a988f66e25a0d15b21b72a3d88039358cb4e489806840528eadf67f19889f,Oct1,4,40000,40000,0,4,mempool.space & blockstream.info,,..6..4!.....d......B/....$mRD.)<..n.....,1LpnDCj7PGuBbETXdBKYHwjeR4rG52t3ac
168,270235,2013-11-18 04:40,6ddcd72c6e15d940d414042ca4b046b48e9cdb1240f0f11d9fabeb0fec414bdb,Oct1,4,40000,40000,0,4,mempool.space & blockstream.info,,..6..4!.....d......B/....$mRD.)<..n.....,1LpnDCj7PGuBbETXdBKYHwjeR4rG52t3ac
169,270235,2013-11-18 04:40,cb2fc48b19332d382fa32697e2602f894310108b3d63b9ed2b2b1d14d09e6215,Oct1,4,40000,40000,0,4,mempool.space & blockstream.info,,..6..4!.....d......B/....$mRD.)<..n.....,1LpnDCj7PGuBbETXdBKYHwjeR4rG52t3ac
170,270239,2013-11-18 04:59,bbb156bbd47f7a9f6a9048d6b5b0f8d5fa7902cda3473ea6268c3a0be12dbab8,Oct1,4,40000,40000,0,4,mempool.space & blockstream.info,,.)Z&..7A/J.k.h.*K\\v.........h......-...,1DActjLgQCVtb2GgQe2g61P8fkPq4himdX 1Ay15zgpDsSFFaTHXgEmShyXUfa3bVftSJ 19qVmdWTGt9EwN9VcURATAU1KWnCab9dK1 19aRPXFzJ6j9E4w6dUA2YcUFJi7F1fJDnh
171,270599,2013-11-20 11:24,bc9f7af1e95c07a1d5d964819dee3728c75f479158ddb82e587a15bdfad3edb1,Oct1,3,30000,30000,0,3,mempool.space & blockstream.info,,....k...l.....t....d.D.k!.NM......yU:...,1MKDb2bkBE7dYXD5WaYN1vF4R6jUXYvfqL 123LMniu2sLXRBuYzvMUE4dQ7edWA9Bc7Y
172,270967,2013-11-22 19:06,0c6bb70d22bf80d4cf7fb20635cd495356a2f72dac1bd9936b4bfd87738f9cd8,Oct1,3,30000,30000,0,3,mempool.space & blockstream.info,,.r.R......e.c....ug4...m...M.V.;i.m...yI,1JoiGJyGriXsE8P8CCAJRYGYK1CbXUkTq3
173,270967,2013-11-22 19:06,b5e1f7daae02f1601dc772e335bf6a7e7ee3c0a6671a271e2925d969e5c2b4d5,Oct1,3,30000,30000,0,3,mempool.space & blockstream.info,,.r.R......e.c....ug4.......I..6r....`!..,1JoiGJyGriXsE8P8CCAJRYGYK1CbXUkTq3
174,271022,2013-11-23 02:11,a2c20d9ba7b18d16ce4b741f92ab8bb2d5ee1e73b68f01741dd907ce0ec41ae7,Oct1,10,100000,100000,0,10,mempool.space & blockstream.info,,.pQy.K.....*..a..7j.@..XW.C....8.Tt@E.|.,13weALDM3dLUrC2bwdB79axoGCPPAewTZp 11454DNQq7Ab3sgyZ1eCmd1dtfSG9EDj4H
175,271069,2013-11-23 09:06,954d2366c462b4eede01fc7534265054cd026a023bcc413071a8f32ecc980a65,Oct1,4,40000,40000,0,4,mempool.space & blockstream.info,,.pQy.K.....*..a..7j......;.I.XdFhw..$...,1CNVHNfRk3aJ2AE99yRPgEKGbd4fQpaYeo
176,275100,2013-12-15 21:33,2717a4bd420d683deb8301742b4c88332f9564800fb6d69633f12eb80351553e,Sep27,1,70000,49662,20338,3,mempool.space & blockstream.info,no metadata: a plain 2-output payment to the marker matches the 2013-09-27 layout; unconfirmed,,15VSPskmMrScLBSYfFVALK4qADnhnGsr8N 171vsZ3PsK9vcyajd3FW1m2MhYPgPXMjX bc1q39q7clzd0tkdnmzacny9shksz43t7af5vx5g6w
177,277255,2013-12-27 15:25,ba29d0020b13fe8815beaf1e7452c0e1e8d0b13452d17340605d3741f6f476d1,Oct1,5,50000,50000,0,5,mempool.space & blockstream.info,,Q.S...Q....R8f`...W.O...^{...XP.....a.?8,1AhsAXP9Sif612MBsEntAgYN7iJYFf8Ut3 16zkYuNRS3ZNyt64ofMFsdxM2pNu1smC8W
178,277279,2013-12-27 18:38,f43f1e2742d11f4f8886152e8c0b63b9abc10099bfc7b238b56dfa0209ff2a05,Oct1,1,10000,10000,0,1,mempool.space & blockstream.info,,Kn.t..f/....qy........H..-7>.$oE=...'..8,1EkAbxgRYjg4jiLD2SiMJA2F4g32wNokDy
179,295159,2014-04-10 21:12,e054bd09b8bfe5869370ebe26193f54d9f3eef87fff0f9ef5675c62fcf03c4a8,Oct1,5,50000,50000,0,5,mempool.space & blockstream.info,,...`.....JkTj..U......Y....E>/oH=+e..fQ.,1Gb77WQTRkaAmVvki7w5Ecg4DRAXwct7qr 1GZAnyhekScgoEGs8Yowq68ADmYhEk98hp
180,303492,2014-05-31 15:38,ebba9c92f36fc94929d7d9e3fd37fced8123af5ad1e7281e294f675f14c84ed6,Oct1,3,30000,30000,0,3,mempool.space & blockstream.info,,....n#f..|..t..dF.^...........F.7..wk...,1MMwr8g9pFu28ZZm4K3ARgTQqBSofqoBcs
P1,259632,2013-09-23 12:54,eef2faa6540b37f5075458a9c435614cb043ac545af95add18cb76c083f0e03d,pre-release,2,20000,20000,0,2,mempool.space & blockstream.info,made before the root commit with the test.js wallet,.5.....^J.....!8K.P/All your base are belong 2 UNCLESAM,1NjWmLj29j8ibgzNVsEBr6pc5bq6jSsjzV 1HLHwz6yh5E38fdZtuLmZA62E8phvtnMgY
P2,259882,2013-09-24 18:20,65d423d4eff6b5c737eed3b711f7c606e79d827b2a0d2936ffbd07ecfbac77d4,pre-release,1,20000,20000,0,1,mempool.space & blockstream.info,made before the root commit with the test.js wallet,All your base are belong to yourself,1H6pNHy5Pagfc5VLaCfo6bnE6rXsYPdbB2
